tld,cnt
com,75887
gov.ua,32112
com.ua,16828
gov.md,12089
gov.uk,11041
gov.tw,9924
org,6839
co.uk,5729
gob.es,5069
gov.it,4931
net,4501
gouv.fr,4422
gov.pl,4366
kiev.ua,3503
cat,3082
com.pl,3060
co.il,2926
org.uk,2880
gv.at,2857
gal,2821
aero,2674
gov.cz,2615
orlen.pl,2511
credit-agricole.ua,2458
admin.ch,2249
gov.il,2149
gov.lv,1984
europa.eu,1981
presedinte.md,1971
co.jp,1917
net.ua,1902
bund.de,1895
edf.fr,1848
traficom.fi,1840
eus,1835
gov.au,1808
int,1738
sumy.ua,1721
com.tw,1713
zp.ua,1609
moldova.md,1563
odessa.ua,1450
legis.md,1445
go.kr,1443
od.ua,1401
tascombank.ua,1391
brussels,1372
fgov.be,1372
kyiv.ua,1347
bde.es,1315
waw.pl,1242
bvg.de,1228
gov.ro,1223
qc.ca,1219
gc.ca,1199
bundeswehr.de,1193
dpp.cz,1165
or.jp,1148
info,1147
army.cz,1134
kommune.no,1101
incibe.es,1080
op.fi,1040
bundesregierung.de,1038
mps.it,1024
belgium.be,1021
trieste.it,1012
bayern.de,1006
govt.nz,989
mvg.de,963
arbitration.fi,943
sienamobilita.it,927
difesa.it,915
dp.ua,902
oebb.at,900
iliad.it,896
cni.es,896
enercoop.fr,884
go.jp,877
parlament.md,873
policie.cz,870
pse.cz,867
ao.it,865
ov-chipkaart.nl,853
vgn.de,852
energia.fi,841
muenchen.de,832
mvcr.cz,830
rb.cz,823
autostrada-a2.pl,817
ansa.it,816
kauppakamari.fi,810
bancaditalia.it,805
kyberturvallisuuskeskus.fi,780
unexbank.ua,779
mtb.ua,771
canaldeisabelsegunda.es,760
mpay.pl,756
kharkov.ua,750
moviatrafik.dk,733
taranto.it,733
genova.it,726
to.it,720
bayernlb.de,718
pgnig.pl,713
rmv.de,705
vero.fi,703
suomenpankki.fi,701
hel.fi,697
mae.ro,690
ltglink.lt,689
vayla.fi,688
pa.it,685
ctmcagliari.it,681
government.bg,681
gouvernement.lu,680
czechtrade.cz,675
rostock.de,670
agcm.it,670
gvb.nl,661
bundespraesident.de,659
anasf.it,650
org.il,647
sinfomar.it,643
roma.it,630
erzeszow.pl,630
metromadrid.es,620
radioroks.ua,614
policia.es,608
bremen.de,589
mfcr.cz,583
bzst.de,582
liberec.cz,580
consob.it,580
senat.cz,570
dortmund.de,570
narp.ua,564
lrv.lt,557
kissfm.ua,554
berlin.de,553
bcr.md,552
vasttrafik.se,552
assosim.it,548
bundestag.de,548
lviv.ua,547
parcan.es,546
tek.fi,544
darmstadt.de,544
murcia.es,543
csob.cz,541
metrovalencia.es,540
bite.lt,540
sts.ro,540
anm.it,538
bordeaux.fr,533
public.lu,533
org.pl,532
pocztowy.pl,528
brandenburg.de,528
deviro.ua,520
autobusustotis.lt,513
erc.ua,513
aecid.es,512
portgdansk.pl,512
ztr.ua,512
bielefeld.de,510
ibercaja.es,509
ollex.lt,509
org.ua,507
bundesfinanzministerium.de,504
te.ua,502
group,501
lg.jp,497
bmz.de,496
a4go.pl,491
dekamer.be,490
psp.cz,490
com.au,482
sachsen-anhalt.de,482
asturias.es,480
paaomasijoittajat.fi,479
berlin,478
ldz.lv,478
avmspa.it,478
cn.ua,476
neobus.pl,475
muni.il,474
normandie.fr,472
trentinotrasporti.it,470
metromalaga.es,470
vvs.de,470
government.nl,469
alphabank.ro,469
gkpge.pl,466
briz.ua,464
taipei,463
danskebank.fi,462
olbiagolfoaranci.it,462
bvb.ro,462
org.tw,461
giorgiameloni.it,461
nordwestbahn.de,450
cecl.gr,448
forsvarsmakten.se,446
cert.dk,446
kvt.lt,440
adrem.lt,440
asambleamadrid.es,439
porvoo.fi,437
ancona.it,436
saeima.lv,435
poznan.pl,433
montpellier.fr,431
klaipedatransport.lt,425
bundeskanzler.de,424
in.ua,422
haspa.de,422
fgdb.ro,420
expressbus.fi,412
senaat.be,412
ek.fi,412
koleo.pl,410
nlbus.lt,409
cgates.lt,409
camaramadrid.es,407
hessen.de,407
monarchie.be,406
energa.pl,405
veidas.lt,404
skulteport.lv,403
a-bike.nl,400
handelsbanken.fi,399
ahushamn.se,399
european-transfers.cz,397
eleagol.it,397
nbb.be,396
bergamo.it,395
senat.fr,395
jura.lt,393
canada.ca,392
sl.se,391
baneasa-airport.ro,390
pks.pl,390
bmwk.de,390
bundesverfassungsgericht.de,390
lelystadairport.nl,388
orange.es,387
graz.at,384
eviesiejipirkimai.lt,384
lehavre.fr,384
pkp.pl,382
9292.nl,380
auswaertiges-amt.de,379
compensa.lt,378
bnro.ro,377
port-varna.bg,376
camera-arbitrale.it,375
swm.de,375
corriere.it,374
vrr.de,374
sbahn-hannover.de,374
mdv.de,374
pumb.ua,374
kb.cz,372
sav.lt,372
oepm.es,371
if.lt,370
kdpcr.cz,370
bsag.de,370
hvv.de,369
nbp.pl,366
flotis.pl,364
poste.it,364
orange.ro,364
vor.at,363
zoll.de,363
aena.es,360
chamber.fi,360
sparkasse.de,360
frankfurt.de,360
cdep.ro,360
pmdp.cz,359
csdd.lv,358
maa.nl,358
vv.lt,357
mapn.ro,357
poznanairport.pl,352
pkspolonus.pl,351
stuttgart.de,350
vlada.cz,350
aedificiumbpl.ro,348
bmj.de,348
modell-hubschrauber.at,346
unicajabanco.es,345
federation-wallonie-bruxelles.be,345
industrialbank.ua,344
skm.dk,342
riksdagen.se,338
its-knihovna.cz,336
metrorex.ro,336
lietuvoskeliai.lt,336
toledo.es,333
port-burgas.bg,332
dpo.cz,330
nor-way.no,330
dresden.de,330
caa.cz,330
csas.cz,328
avanza.se,326
gdynia.pl,326
ssvoy.fi,325
bta.lt,325
presidency.ro,325
premier.be,324
zeebruggeport.be,323
gpw.pl,322
asambleamurcia.es,320
bundespolizei.de,320
metropolitanogranada.es,320
sparing-vist.ua,320
ely-keskus.fi,320
movistar.es,318
luminor.lt,317
imy.se,316
caixabank.es,316
arbitrazas.lt,315
senat.ro,315
wienerborse.at,313
ukrjet.ua,312
tribunalconstitucional.es,312
banque-france.fr,312
mzv.cz,312
csm.it,312
frydekmistek.cz,312
sachsen.de,311
portofhanko.fi,311
duesseldorf.de,310
minoan.gr,310
eezy.fi,310
nuernberg.de,310
apc.es,309
bahn.de,309
nouvelle-aquitaine.fr,308
verfassungsschutz.de,308
eximbank.ro,308
cert.be,308
init.lt,307
nports.de,306
bundesarbeitsgericht.de,306
portpolice.pl,306
handelsbanken.se,305
vilnius-airport.lt,304
cortsvalencianes.es,304
amec.es,303
milano.it,302
seb.se,302
palmasport.es,302
rzp.cz,302
thueringen.de,301
lvat.lt,300
aktia.fi,300
unterschleissheim.de,300
parlement-wallonie.be,300
politie.be,300
zaragoza.es,299
venice.it,299
dip-caceres.es,299
balticum.lt,299
aesa.pl,297
czdalnice.cz,297
moneta.cz,296
cofides.es,296
marseille.fr,295
astratranscarpatic.ro,294
wko.at,293
valtioneuvosto.fi,290
angers.fr,290
pasts.lv,289
haute-garonne.fr,288
obrum.pl,288
stib-mivb.be,288
aobp.cz,288
llsra.lt,288
karelialines.fi,288
esteri.it,287
airport-ostrava.cz,287
ravenna.it,287
kotka.fi,286
getin.pl,286
emtmadrid.es,286
lvt.lt,286
belastingdienst.nl,286
creditcoop.ro,285
citadele.lt,283
swedbank.lt,282
ergo.lt,282
wroclaw.pl,282
rijkswaterstaat.nl,282
wallonie.be,281
policija.si,280
david-clarinval.be,280
portofaarhus.dk,280
onac-vg.fr,280
bancatransilvania.ro,280
sob.ch,279
fio.cz,278
seb.lt,278
gva.es,278
lpp.si,277
ronse.be,277
piraeusbank.ua,276
pmb.ro,276
mt.ro,276
cnsd.it,276
pau.fr,275
germany4ukraine.de,275
apba.es,275
cotedor.fr,275
airportbuochs.ch,274
socibusventas.es,274
mdlpa.ro,273
jgpa.es,273
klaipeda.lt,272
ufst.dk,272
pts.se,271
polskapress.pl,270
pid.cz,270
lappeenranta.fi,270
leipzig.de,270
stadt-koeln.de,270
aiaf.it,268
veza.lt,267
puertos.es,267
postemobile.it,266
biz,266
mdv-verbundgebiet.de,266
verymobile.it,265
davoscongress.ch,265
aliorbank.pl,264
rsz.be,264
reims.fr,264
cd.cz,264
brno.cz,263
hamburger-feuerkasse.de,262
alfa.lt,261
fi.se,261
bernairport.ch,261
play.pl,261
tsml.cz,260
vejdirektoratet.dk,260
chamber.lv,260
fingrid.fi,260
wupsi.de,260
korkeinoikeus.fi,260
koeln,260
aude.fr,258
autorita-trasporti.it,258
com.al,258
mil.be,257
gva.ch,256
brabant.nl,255
apa.at,255
cnctr.fr,255
kokoomus.fi,254
nashnet.ua,253
ruhrbahn.de,252
bmvg.de,252
boerse-berlin.de,252
apvigo.es,252
crtm.es,252
acquanovaravco.eu,252
poitiers.fr,252
akt-ccibw.be,252
gov.si,251
bancocooperativo.es,250
lt/judu.lt,250
hannover.de,250
raiffeisen.de,249
aidas.lt,248
mvnet.de,247
defmin.fi,245
edalnice.cz,245
nrw,244
provincedeliege.be,243
eduskunta.fi,241
swedbank.se,241
rhb.ch,240
departement13.fr,240
intertelecom.ua,240
kyivstar.ua,240
pesa.pl,240
danskebank.dk,240
lemans.fr,240
demarches-simplifiees.fr,240
stortinget.no,239
vodafone.ua,239
dpmlj.cz,238
noord-holland.nl,238
acqueveronesi.it,238
elta.lt,238
ccomptes.fr,238
hsl.fi,238
sshab.se,238
dipualba.es,236
srgssr.ch,236
vilnius.lt,236
febelfin.be,236
lansforsakringar.se,234
kaukokiito.fi,234
ferrexpo.ua,234
gts.ro,234
cph.dk,234
popolarebari.it,234
aircreebec.ca,232
sohonet.ua,232
aarhus.dk,231
lahti.fi,231
liikenneturva.fi,230
wezembeek-oppem.be,230
landes.fr,230
nantes.fr,230
sortiramarseille.fr,230
popso.it,229
aemet.es,229
parma.it,228
relobus.pl,228
cert-bund.de,228
portalpasazera.pl,226
waimes.be,226
sint-genesius-rode.be,225
2,225
unomobile.it,225
klodzko.pl,224
engadin-airport.ch,224
sgtas.ua,224
vattenfall.de,224
brusselsnetwork.be,224
bundesjustizamt.de,223
mersragsport.lv,222
15min.lt,222
portialtotirreno.it,222
primus.ca,222
airport-grenchen.ch,221
federtrasporto.it,221
sener,221
conadrogach.pl,221
izbainwestorow.pl,220
finanssiala.fi,220
co.kr,220
ais.fi,220
camp,220
tiscali.it,220
taxi-transfers.cz,220
pori.fi,219
saastopankki.fi,217
tarbes.fr,216
opava-city.cz,216
akt-ccilb.be,216
viapass.be,216
minfin.bg,216
pravex.ua,216
bundesfinanzhof.de,216
ruhr,214
juntadeandalucia.es,214
homenet.ua,214
rp.pl,213
plzensky-kraj.cz,213
bs.ch,213
securities-administrators.ca,212
portidiroma.it,212
beobank.be,211
helsingborg.se,211
kuopio.fi,210
gruppobcciccrea.it,210
promoservice.lt,210
dvb.de,210
westatlantic.eu,210
gemeindedavos.ch,210
vlaardingen.nl,210
start-ni-mitte.de,210
circl.lu,209
airport-k-vary.cz,209
kujawsko-pomorskie.pl,209
magdeburg.de,209
polsat.pl,209
boerse-muenchen.de,209
flevoland.nl,208
sternundkreis.de,208
nowycasnik.de,208
maregionsud.fr,208
dival.es,208
strasbourg.eu,208
ozs.si,207
checkbiz.se,206
coopvoce.it,206
c-budejovice.cz,205
overijssel.nl,204
vr.de,204
nksc.lt,204
emtmalaga.es,204
roviniete.ro,204
fmn.dk,203
wtc.fi,202
revuedesdeuxmondes.fr,202
enghien-edingen.be,202
grupocajarural.es,202
westfalenbahn.de,202
nw.ch,202
army,201
pmprovincesterritoires.ca,201
nrw.de,201
vaalit.fi,201
dkb.de,201
vlaardingen24.nl,200
emta.ee,200
taz.de,200
worldoftanks.eu,200
cnp.fr,200
ezu.cz,200
medbank.lt,199
mdcr.cz,199
espo.be,199
carabinieri.it,198
pwpw.pl,198
adn-tourisme.fr,198
polizei-nds.de,198
rozklad-pkp.pl,198
marineprojects.pl,198
grawe.ua,198
finavia.fi,198
rigassatiksme.lv,198
e-podroznik.pl,198
fine.fi,198
yme.gr,198
hargshamn.se,197
tallinn.ee,197
bnb.bg,197
portofhelsinki.fi,197
flygbussarna.se,197
aia.gr,196
digg.se,196
portofturku.fi,196
delijn.be,196
surne.es,196
pzu.lt,195
benavente.es,195
gjensidige.lt,195
ld.lt,195
gov.be,195
pakmarkas.lt,195
abruzzo.it,193
sunrise.ch,193
sencanada.ca,193
mmuncii.ro,192
businessfinland.fi,192
base.be,192
jimin.jp,192
norrtag.se,192
svazdopravy.cz,192
odense.dk,192
sas.sk,192
kvertus.ua,192
sn.pl,192
patria.cz,191
a-katsastus.fi,190
domstol.se,190
rederij-doeksen.nl,190
fibank.bg,190
polizei.de,189
eeri.eu,189
lbbw.de,189
tab.es,189
valencia.es,189
merida.es,189
m-net.de,189
vaasa.fi,189
socialistas-parlamentoeuropeo.eu,188
o3.ua,187
crif.it,187
autosan.pl,187
credem.it,187
provinciegroningen.nl,187
spiere-helkijn.be,185
peoples.ch,185
cnb.cz,185
rsd.cz,184
keskusta.fi,184
asn.au,184
bicipa.it,184
laposte.fr,184
emetro.gr,184
maxnet.ua,183
skatteverket.se,183
bergeycia.es,183
kuntaliitto.fi,182
provincieantwerpen.be,182
tilastokeskus.fi,182
vejle.dk,182
cert.at,182
goteborg.se,182
aedilis.lt,182
ccr.ro,182
ostrava.cz,182
esbjergairport.dk,182
oikeus.fi,182
courdecassation.fr,182
drenthe.nl,182
sjofartsverket.se,182
douai.fr,182
eureennormandie.fr,180
just.ro,180
scj.ro,180
jyvaskyla.fi,180
parliament.bg,180
korrek.fi,180
mrrb.bg,180
tgcomes.es,180
rekenkamer.nl,180
cci.fr,180
easybell.de,180
natomultimedia.tv,180
transportepublico.es,180
annalena-baerbock.de,180
burg-reuland.be,180
transportstyrelsen.se,180
vvo-online.de,180
gigacloud.ua,180
bissen.lu,180
nwal.ca,180
nra.bg,180
czechtoll.cz,180
stasy.gr,180
molise.it,177
police.uk,177
dinoffentligetransport.dk,177
finanzamt-kitzingen.de,176
finanzamt-lohr.de,176
rijksoverheid.nl,176
vscunitech.md,176
trm.dk,176
finanzamt-zeil.de,176
loire-atlantique.fr,176
ft.dk,176
finanzamt-wuerzburg.de,176
rheinfelden-carbon.eu,176
portdeliege.be,175
bper.it,175
lotos.pl,175
isp.se,175
virginplus.ca,175
casareal.es,175
jernhusen.se,174
kuluttajariita.fi,174
bankmillennium.pl,174
ostravaexpat.eu,173
or.kr,173
org.au,172
autotuojat.fi,172
mercitaliarail.it,172
ck.ua,172
lubuskie.pl,172
bourgognefranchecomte.fr,172
turgranada.es,172
houseofrepresentatives.nl,171
portofklaipeda.lt,171
poshuk.io,171
justiz.de,170
conseil-etat.fr,170
westelecom.ua,170
nimes.fr,170
lakd.lt,170
ingolstadt.de,170
tranviasdezaragoza.es,170
cnil.fr,170
vaestoliitto.fi,170
portoditriesteservizi.it,170
malmo.se,169
parliament.nz,169
manobalticum.lt,169
davosklostersmountains.ch,169
uppsala.se,169
dnsc.ro,168
regeringen.se,168
bcr.ro,168
uilpa.it,168
reformparty.kr,168
bm.dk,168
ceps.eu,168
service-public.fr,168
telenet.be,168
bezirk-oberbayern.de,168
drogenbos.be,168
lrs.lt,168
vdl.lu,168
balticpower.pl,168
vitrasa.es,168
ell.lu,168
finanzamt-obernburg.de,168
toulouse.fr,168
pc7-team.ch,168
vectalia.es,168
finanzamt-schweinfurt.de,168
tussam.es,168
malaga.eu,168
riksgalden.se,167
hcaa.gr,166
post.ch,166
dnielectronico.es,166
catania.it,165
gasgrid.fi,165
provincie-utrecht.nl,165
rheinfelden-semis.eu,165
tucha.ua,165
antwerp-airport.be,165
raeren.be,165
vbn.de,165
nationaleombudsman.nl,165
postavschiki.ua,165
ratp.fr,164
prezydent.pl,164
tatrabanka.sk,163
arriva.nl,163
co.nz,163
mld-index.md,162
larazon.es,162
wemmel.be,162
friatider.se,162
moovme.de,162
linava.lt,162
govcert.ch,162
mpb.cz,162
bsi.si,161
molromania.ro,161
dskbank.bg,161
trafikverket.se,160
yritystele.fi,160
const-court.be,160
eurelien.fr,160
ksslk.cz,160
lddk.lv,160
bayern,160
mpostrava.cz,160
llv.li,160
netgroup.ua,159
vasemmisto.fi,159
kela.fi,159
sundsvallshamn.se,157
parlamentodegalicia.es,156
tramalacant.es,156
vgf-ffm.de,156
orebro.se,156
awex.be,156
serbske-nowiny.de,156
re.it,156
cfr.ro,156
malmedy.be,156
nagoya.jp,156
vith.be,156
orange.pl,155
adac.de,155
eerstekamer.nl,155
langate.ua,154
gov.gr,154
trenord.it,154
der-metronom.de,154
merseburg.de,154
lille.fr,154
valladolid.es,154
finanzamt-bad-neustadt.de,154
beci.be,154
star.fr,154
karriere-polizei-bw.de,154
vrs.de,154
diplo.de,154
itaxi.pl,154
enera.ua,153
bundesbank.de,153
kniazha.ua,153
remontowaholding.pl,153
finanzamt-bad-kissingen.de,153
bottrop.de,153
dstny.nl,153
stadt-schaffhausen.ch,153
vvt.at,152
pkobp.pl,152
sedigas.es,152
arcep.fr,152
customs.bg,151
jyskebank.dk,151
at.ua,151
polisen.se,151
cajaruralgranada.es,151
danskebank.lt,150
tenet.ua,150
lrkt.lt,150
parlament.ch,150
susjmk.cz,150
airpro.fi,150
vasteras.se,150
caa.ca,150
antwerpen.be,150
icu.ua,150
atm.it,150
fm.dk,150
perussuomalaiset.fi,150
lyon.fr,150
metroligero-oeste.es,150
helsingor.dk,150
dphuesca.es,150
plusbank.pl,149
krakow.pl,149
villedecomines-warneton.be,148
nkon.nl,147
parlamentodeandalucia.es,147
corsica-ferries.fr,147
ingo.ua,147
rvo.nl,147
se/seb.se,147
sg.ch,146
kharkiv.ua,146
sad.it,146
sktst.dk,146
parmalat.it,145
polskieradio.pl,145
postauto.ch,145
brabantwallon.be,144
dopravniinfo.cz,144
kelmis.be,144
1ticket.de,144
jungewelt.de,144
sfr.fr,144
nexi.it,144
be/cert.be,144
s2grupo.es,144
besip.cz,144
oneseq.es,144
castillalamancha.es,144
unserrufbus.de,144
nd-aktuell.de,144
borsaitaliana.it,144
proximus.be,144
lb.lt,144
nice.fr,144
parlement-wallon.be,144
slovnaft.sk,144
ostravainfo.cz,144
president.bg,144
konkurrensverket.se,144
justis.nl,144
plzenskavstupenka.cz,144
aytobadajoz.es,144
urbancard.pl,144
schleswig-holstein.de,144
polizei-bw.de,143
sveikatosnaujienos.lt,143
alpenhof-davos.ch,143
contrataciondelestado.es,143
hetacv.be,143
kreis-oh.de,143
aanestyspaikat.fi,143
landespolizeiorchester-bw.de,143
ebikon.ch,143
provinzial-konzern.de,143
afb.fr,142
montreux.ch,142
org.nz,141
ov-nl.nl,141
swissbanking.ch,141
fideuram.it,141
if.fi,141
sasd.ch,141
gruppomps.it,140
niko.ua,140
wien,140
swisshelicopter.ch,140
idsk.cz,140
de/frankfurt.de,140
ministryofjustice.gr,140
portofpori.fi,140
osram.de,140
ebox.ca,140
tarnow.pl,140
susjk.cz,140
tweedekamer.nl,140
triodos.es,140
altis.ua,140
mvv-muenchen.de,140
ts.fi,140
palautevayla.fi,140
mint.sk,140
nl/9292.nl,140
ivb.at,140
mppraha.cz,140
litexpo.lt,139
kraj-jihocesky.cz,138
msb.se,138
digicom.ua,138
government.se,138
stops.lt,138
citadele.lv,138
fingenia.it,138
brno-airport.cz,138
peoplenet.ua,138
eskilstuna.se,138
stadt-zuerich.ch,138
portofdenhelder.nl,138
gdansk.pl,138
4,137
vda.it,137
mytocz.eu,136
campania.it,136
bzh,136
bkt.lt,136
rlp.de,136
format24.ua,136
ccas-ratp.fr,135
garching.de,135
kr-ustecky.cz,135
oost-vlaanderen.be,135
datapark.ua,135
tsn.ua,135
fepex.es,135
nationalexpress.de,135
kielce.pl,135
danishshipping.dk,135
kelag.at,135
limburg.be,135
zvv.ch,134
zanedeliu.lt,134
bzoe-kaernten.at,133
khk.cz,132
fideuramdirect.it,132
kbc.be,132
sda.it,132
isere.fr,132
green-zones.eu,132
atout-france.fr,132
bank,132
acqualatina.it,132
plan.be,132
trafikstyrelsen.dk,132
limburg.nl,132
stredoceskykraj.cz,132
havirov-city.cz,132
erfurt.de,132
praha1.cz,132
leapcard.ie,132
kr.ua,132
muni.cz,132
slimnaarantwerpen.be,132
sardegna.it,131
stans.ch,131
fpvmarket.eu,131
infofer.ro,130
centre-valdeloire.fr,130
nrwbank.de,130
landkreisleipzig.de,130
linkebeek.be,130
financnisprava.cz,130
esbjerg.dk,130
flyinglegend.it,130
infotrafic.re,130
telekom.ro,130
deepopinion.fr,130
brci.ro,130
baelen.be,130
sendai.jp,130
scarlet.be,130
dassault.fr,130
inlandsbanan.se,129
vpnoe.at,129
amel.be,129
szczecin.pl,129
skat.dk,128
vm.fi,128
digid.nl,128
defensie.nl,128
digimobil.it,128
ville-levallois.fr,128
cdv.cz,128
netia.pl,127
finanzamt-aschaffenburg.de,127
lrimones.lt,127
6sfull.cz,126
respublika.lt,126
sabam.be,126
vlaamsbrabant.be,126
serv.be,126
inbox.lv,126
belfius.be,126
l.de,126
allgobus.nl,126
maribor.si,126
sfdi.cz,126
flughafen-zuerich.ch,126
autostrade.it,126
breisgau-hochschwarzwald.de,126
elisa.fi,125
vidi.ua,125
bochum.de,125
l4.ua,124
davos-pischa.ch,123
voyageursdumonde.fr,123
portodigioiatauro.it,123
seb.ee,123
registrucentras.lt,123
lrytas.lt,123
cgt-ratp.fr,123
icabanken.se,123
pv.lv,122
ania.it,122
stat.fi,122
rantapallo.fi,122
francesoir.fr,121
ville-evian.fr,121
trbovlje.si,120
landkreis-muenchen.de,120
schifflange.lu,120
targobank.de,120
paris.fr,120
timrailcargo.ro,120
avirs.ua,120
piaggioaerospace.it,120
pat.ua,120
captrain.it,120
flyjazz.ca,120
vedekon.ua,120
mirandadeebro.es,120
regionguadeloupe.fr,120
klasco.lt,120
paysdelaloire.fr,120
parlamentodenavarra.es,120
mouscron.be,120
bruxelles.be,120
ludwigshafen.de,120
velobank.pl,120
landkreis-mittelsachsen.de,120
mobilitaetsverbuende.at,120
amministrazionicomunali.it,120
cendis.cz,120
nordfriesland.de,120
energa-operator.pl,120
kraainem.be,120
ptuj.si,120
perugia.it,120
orlenupstream.pl,120
lt/eismoinfo.lt,120
likeit.fi,120
uliege.be,120
eutelsat.fr,120
sz.ch,120
pl/natemat.pl,120
snalltaget.se,119
basicincomeparty.kr,119
plzen.eu,119
freiburg.de,119
mutuelleratp.fr,119
sunnet.ua,119
buellingen.be,119
epaslaugos.lt,119
palermo.it,118
autorite-transports.fr,118
bancamarch.es,118
tem.fi,117
diputoledo.es,117
energa-logistyka.pl,117
blagulabilen.se,117
rimini.it,117
bundesgerichtshof.de,117
rcflight.se,117
atari-investisseurs.fr,117
lublin.eu,117
kreis-hz.de,117
parliament.uk,117
petrom.ro,117
lei.lt,116
sekunde.lt,116
afs-bund.de,116
lanstrafikenkron.se,116
davos.ch,115
aslairlines.fr,115
airbank.cz,115
agenziatplbergamo.it,114
vinegret.cz,114
edoks.lv,114
se/danskebank.se,114
thpa.gr,114
kamnik.si,114
celje.si,114
lausanne.ch,114
tractebel-engie.be,114
asso.fr,114
tas24b.ua,113
bologna-airport.it,113
boe.es,113
linz.at,113
snsbank.nl,113
geneve-finance.ch,112
marketplanet.pl,112
parkingplzen.cz,112
sdp.fi,112
kpoe.at,112
monato.be,112
akuakcesoria.pl,112
spd.de,112
praha.eu,112
dopravakhk.cz,112
unsa-grouperatp.fr,112
alampila.fi,112
vorwaerts.de,112
ktel-santorini.gr,112
daugavpils.lv,111
bremenports.de,111
intermin.fi,111
iledefrance.fr,111
dsb.dk,110
buseireann.ie,110
turismodemurcia.es,110
eu/worldoftanks.eu,110
mairie-blagnac.fr,110
tranviademurcia.es,110
aar.dk,110
bancomediolanum.es,110
toscana.it,110
koblenz.de,110
npa.ca,110
rafineriagdanska.pl,110
coi.cz,110
marginalen.se,110
olgutavasilescu.ro,110
nodeus.se,110
lotosgeonafta.pl,110
steiermark.at,110
l24.lt,110
jcyl.es,110
premiumkino.de,110
gruppotim.it,109
spiegel.de,108
bmjv.de,108
trapani.it,108
lodzkie.pl,108
paarautatieasema.fi,108
le64.fr,108
thisted.dk,108
relaxbanking.it,108
ccn.es,108
costruzionedroni.it,108
easyhost.be,108
altable.es,108
fukuoka-airport.jp,108
olkraj.cz,108
raiffeisen.ch,108
rotterdamthehagueairport.nl,108
securityconference.de,108
bipt.be,108
lublin.pl,108
jmk.cz,108
bayernportal.de,108
eindhoven.nl,108
eupen.be,108
lhv.ee,108
eurolines.lt,108
mainz.de,108
espoo.fi,108
juntaex.es,108
ameyugo.es,108
vkterminalservices.lv,108
seb.lv,108
bauma.de,108
ljubljana.si,108
ville-dunkerque.fr,108
steuerzahler.de,108
bis.cz,108
bellmts.ca,107
pocos.nl,107
eestipank.ee,107
managemyaccount.ca,107
kalykla.lt,106
lagradet.se,106
letec.be,106
hansa-flex.be,105
ktpkom.fi,105
lenord.fr,105
sibelga.be,105
zary.pl,105
bns.lt,105
carl-walther.de,105
belga.be,105
inowroclaw.pl,105
vmi.lt,105
acanac.ca,105
intraffic.ua,105
hcd.ch,104
piemonte.it,104
bane.dk,104
nationalbanken.dk,104
ekolot.pl,104
mapfre.es,104
solingen.de,104
openpnrr.it,104
halberstadt.de,104
ktel-chalkidikis.gr,104
elefun.no,104
gov.mt,104
frankfurterallgemeine.de,104
pardubice.eu,104
s-pankki.fi,103
europe-davos.ch,103
emotors.cz,102
lubelskie.pl,102
ct.it,102
bellinzona.ch,102
pilsen.eu,102
beyond.pl,102
bngbank.nl,102
centerpartiet.se,102
1und1.de,102
hca-airport.dk,102
serviv.es,102
velenje.si,102
support,101
autobusubilietai.lt,101
powiatzary.pl,101
cert.is,101
overheid.nl,100
csadplzen.cz,100
rcstudio.cz,100
ncsc.nl,100
ced.bg,100
isereconnect.fr,100
info.pl,100
litgrid.eu,100
brnoid.cz,100
fpv-fly.fr,100
bona-ventura.pl,100
sub.cz,100
fpvracing.ch,100
bundesschatz.at,100
fr/investinfrance.fr,100
vub.sk,100
koda.ee,100
trier.de,100
heidenhain.de,99
ain.fr,99
sapporo.jp,99
mazury.pl,99
zwickau.de,99
plustaktbus.de,99
rzeszowairport.pl,99
insee.fr,99
dipucr.es,99
lengmatta-davos.ch,99
gaeldst.dk,99
portsaguenay.ca,99
powiat.pl,98
gtt.fr,98
procreditbank.bg,98
benelli.it,98
komora.cz,98
lahitaksi.fi,98
arcom.fr,98
postbus.at,98
portbelledune.ca,97
ids.ua,96
multimedia.pl,96
al/president.al,96
latvenergo.lv,96
koper.si,96
oebbtickets.at,96
tsk.sk,96
wienerlinien.at,96
literaturhaus-muenchen.de,96
ventallterminals.lv,96
sponsorpanel.pl,96
pekao24.pl,96
alimentacion.es,96
rotterdam.nl,96
trnava.sk,96
fsma.be,96
a-tvp.si,96
albastar.es,96
rymdstyrelsen.se,96
arbeitsagentur.de,96
voka.be,96
nazca.es,96
ntgnordic.dk,96
sshmp.cz,96
ve.lt,95
bpsnord.no,95
sj.se,95
se/kalmarlanstrafik.se,95
reiner-haseloff.de,95
vseosvita.ua,95
li.it,95
kommerskollegium.se,94
axa.fr,94
baden-wuerttemberg.de,94
cogeco.ca,94
ljse.si,93
se/ikanobank.se,93
staten-generaal.nl,93
juntaelectoralcentral.es,92
kfw.de,92
enschede.nl,92
trelleborgshamn.se,92
belgiantrain.be,92
edpnet.be,92
vurdst.dk,91
ombudsman.fi,91
kdpw.pl,91
tampere.fi,91
gfr.ro,91
cortecostituzionale.it,91
stadtluzern.ch,91
cnccfp.fr,91
vnk.fi,91
royal.uk,91
vihreat.fi,91
rtbfpro.be,91
orlenpoludnie.pl,91
conseil-constitutionnel.fr,91
linkoping.se,91
schweizerfamilie.ch,90
unicreditgroup.eu,90
elmundo.es,90
rmsystem.cz,90
marche.it,90
ing.de,90
utels.ua,90
crr.cz,90
orlenlietuva.lt,90
avia.lt,90
rc-innovations.es,90
hoponhopoff.be,90
energyville.be,90
saoneetloire.fr,90
dszo.cz,90
kr-vysocina.cz,90
groningen.nl,90
gladbeck.de,90
laregion.fr,90
energiestadt.ch,90
enagas.es,90
armee.lu,90
seikan-ferry.jp,90
hotelleriesuisse.ch,90
cz/aobp.cz,90
maureletprom.fr,90
tiesibsargs.lv,90
bever-bievene.be,90
orange.lu,90
saarland.de,90
uestra.de,90
ehiweb.it,90
utrecht.nl,90
snav.it,90
horsens.dk,90
cz/edalnice.cz,90
pl/sprint.pl,90
pzlmielec.pl,88
fi/stt.fi,88
nhv.be,88
telefonica.es,88
rmf24.pl,88
stadt-koennern.de,88
wir-in-salzburg.at,88
cspsd.cz,88
motorst.dk,88
kajakallas.ee,88
scb.se,88
snaige.lt,88
kiel.de,88
aklakair.ca,88
metsa.fi,88
ns.nl,88
bayerischerhof.de,88
bornholms-lufthavn.dk,88
credit-agricole.pl,87
tech,87
veniceairport.it,87
idos.cz,87
cfrcalatori.ro,86
camera.it,86
e-prail.ro,86
commerzbank.de,86
wroc.pl,85
acli.it,85
fininvest.it,85
vrsa.lt,85
newamsterdam.pl,85
forsakringskassan.se,85
forsvaret.dk,85
ennamagazine.it,85
presserat.ch,85
rc3d.ch,85
penize.cz,85
psl.pl,85
eismoinfo.lt,85
kaunoenergija.lt,85
toll-collect.de,85
bka.de,85
mbank.pl,85
stockholm,84
buochs.ch,84
verdaechtig-gute-jobs.de,84
mze.cz,84
fvg.it,84
allschwil.ch,84
cz/ezu.cz,84
brrc.be,84
roskilde.dk,84
effix.be,84
randers.dk,84
elia.be,84
velib-metropole.fr,84
nacex.es,84
corsica,84
bcv.ch,84
zuid-holland.nl,84
chamber.no,84
a4-szybko.pl,84
hainaut.be,84
idcj.jp,84
afer.ro,84
vgregion.se,84
adligenswil.ch,84
movelia.es,83
wienmobil.at,83
icn.ua,82
ux.ua,82
remontowa-rsb.pl,81
krakowairport.pl,81
credit-agricole.fr,81
kammarkollegiet.se,81
hamm.de,81
hoyre.no,81
telia.lt,81
navikon.pl,81
turku.fi,80
fpoe.at,80
ceskedrahy.cz,80
volkspartei.at,80
homecredit.cz,80
fi/elisa.fi,80
posol.de,80
redsara.es,80
n-factory.de,80
bdli.de,80
ca/thetyee.ca,80
stvp.at,80
ooevp.at,80
unicreditbulbank.bg,80
fr/eurolines.fr,80
dolnyslask.pl,80
vpbgld.at,80
villeurbanne.fr,80
portofnaantali.fi,80
knds.fr,80
hsw.pl,80
telenet.lv,80
pasientfokus.no,80
es/metropolitanogranada.es,80
dkom.si,80
emtvalencia.es,80
cfcs.dk,80
potenza.it,80
poppankki.fi,80
swb-busundbahn.de,80
irisnet.be,80
spoe.at,80
mmhk.cz,80
tiroler-vp.at,80
wnet.ua,80
cic.fr,80
gruene.at,80
seresco.es,80
dievolkspartei.at,80
pl.ua,80
usti.cz,80
raiffeisen.al,79
fi/vayla.fi,79
odg.it,79
panorama.it,78
basilicata.it,78
caltanissetta.it,78
justice.cz,78
salzwedel.de,78
arnhem.nl,78
czechpoint.cz,78
gaso.lv,78
siteitosi.jp,78
lursoft.lv,78
assemblee-nationale.fr,78
dars.si,78
helaba.de,78
perazzi.it,78
plb.pl,78
amaco.es,78
zkb.ch,78
supo.fi,78
hautsdefrance.fr,78
ra.it,78
matka.fi,78
mc-bauchemie.de,78
ventbunkers.lv,78
centrair.eu,77
plusbus-deutschland.de,77
geuzenet.nl,77
nrsr.sk,77
gardelegen.de,77
eliagroup.eu,77
cre.fr,77
provincialairlines.ca,77
luganoairport.ch,77
ostbelgienlive.be,77
agenziaindustriedifesa.it,77
bbva.es,77
dskdirect.bg,77
panostaja.fi,77
stadt-kriens.ch,77
gemeindewahlen.be,77
kielce.eu,77
dotaceeu.cz,77
vodafone.de,77
fnmt.es,77
mhm-modellbau.de,76
dijon.fr,76
kinamo.be,76
nexxwave.be,76
groningenairport.nl,76
palanga-airport.lt,75
lrvalstybe.lt,75
pohjolanvoima.fi,75
fonq.nl,75
pfrventures.pl,75
vevey.ch,75
judu.lt,75
plusbank24.pl,75
ccbank.bg,75
nano.lv,75
pidlitacka.cz,75
corendon.nl,75
dzbank.de,75
lontzen.be,75
cargobus.lt,75
sydbank.dk,74
swisspass.ch,74
se/blekingetrafiken.se,74
ine.es,74
bonn.de,74
essen.de,74
pekaobiznes24.pl,74
boreal.no,73
ffvelo.fr,72
flobecq.be,72
bundesanzeiger.de,72
tessellis.it,72
gem-boerdeland.de,72
diekirch.lu,72
unvi.es,72
umwelt-plakette.de,72
cust.lt,72
engelmt.de,72
schwarzbeck.de,72
csa.cz,72
modlinairport.pl,72
zeeland.nl,72
mobiliteit.lu,72
bolagsverket.se,72
merkur.de,72
energa-oswietlenie.pl,72
storebaelt.dk,72
elsen.pl,72
pap.pl,72
carm.es,72
tz.de,72
konservativt.no,72
let.cz,72
czso.cz,72
tvp.pl,72
oberhausen.de,72
unipol.it,72
kookas.fi,72
telekom.de,72
eurovision-basel.ch,72
associazionemagistrati.it,72
opfikon.ch,72
stockholm.se,72
peoplepowerparty.kr,72
still.de,72
verdi.de,72
portal.at,72
kathleenvanbrempt.be,72
finlex.fi,72
evercom.pl,72
mainschool.ua,72
idsok.cz,72
abendzeitung-muenchen.de,72
egov.md,72
engie-electrabel.be,72
fr-online.de,72
bundeswirtschaftsministerium.de,72
hba.gr,72
delage.fr,72
gruppoa2a.it,72
altmarkkreis-salzwedel.de,72
govilnius.lt,72
ekn.se,71
vancouver.ca,71
lnb.lt,71
kaiserslautern.de,70
sicilia.it,70
vucbb.sk,70
rst.lt,70
ringtv.be,70
porschebank.at,70
kk.dk,70
ee/pilet.ee,70
burgenlandkreis.de,70
lt/nlbus.lt,70
lmt.lv,70
emilia-romagna.it,70
bvl.de,70
fi/paarautatieasema.fi,70
moenchengladbach.de,70
siracusa.it,70
nos.pt,70
dujos.lt,70
intermodel.fr,70
energie-mediateur.fr,70
logius.nl,70
edison.it,70
lanet.ua,70
aalborg.dk,70
bulle.ch,70
kraj-lbc.cz,70
liepajas-tramvajs.lv,70
celnisprava.cz,70
cert.lv,70
x-city.ua,70
dot.lt,70
ktelthes.gr,70
florenc.cz,70
ses.sk,70
gdanskshipyard.pl,69
hnb.hr,69
abc-d.be,69
teatras.lt,69
bezpartyjnisamorzadowcy.pl,69
dnb.lt,69
lemu.lt,69
net.lv,68
sige.ch,68
nashagazeta.ch,68
aerts.eu,68
ubb.bg,68
bnm.md,68
ljkka.lt,68
akt.no,68
skylink.cz,68
bbr.bg,68
ratp-m2e.fr,68
inps.it,68
guichet-citoyen.be,67
guardiacivil.es,67
um.fi,67
kam.lt,67
ragusa.it,66
zoosodas.lt,66
kherson.ua,66
regjeringen.no,66
toldst.dk,66
otakantaa.fi,66
airdolomiti.it,66
mod.uk,66
jannehakkarainen.fi,66
ciurlionis.lt,66
allegro.cz,66
iliad.fr,66
febelgra.be,66
interia.pl,66
milanofinanza.it,66
tunap.de,66
pinbank.ua,66
ooevv.at,66
ktelattikis.gr,66
lotnisko-chopina.pl,66
ltou.lt,66
lombardia.it,66
biel-bienne.ch,66
axabank.be,65
cloudprovider.nl,65
studiosport.fr,65
ittigen.ch,65
gerc.ua,65
orlenoil.pl,65
kojamo.fi,65
doubs.fr,65
ferde.no,65
sefe-energy.eu,65
weuaplus.tv,65
ruter.no,65
oenb.at,65
esfcr.cz,64
tbb.ee,64
blue-bike.be,64
dt-rs.si,64
metro-sevilla.es,64
almamedia.fi,64
kaunas-airport.lt,64
polskieradio24.pl,64
radiokolor.pl,64
denmark.dk,64
snb.ch,63
denhaag.nl,63
telenor.dk,63
oxilion.nl,63
bankinter.es,63
swisscom.ch,63
citywest.ca,63
poltramp.pl,63
szutest.cz,63
jaunimoteatras.lt,63
vlaamsparlement.be,63
lahitapiola.fi,63
billund.dk,63
justitieleictorganisatie.nl,63
cert.pl,63
eherkenning.nl,63
krefeld.de,63
pfiala.cz,63
burlington.ca,62
vilvigroup.lt,62
bafin.de,61
autoosta.lv,60
differdange.lu,60
schengen.lu,60
megatrade.ua,60
cmb.be,60
bulbankonline.bg,60
fi/finnpilot.fi,60
vng.de,60
paysera.lt,60
liepaja-airport.lv,60
svetelnaposta.sk,60
duisburg.de,60
brescia.it,60
opendatabot.ua,60
vianden.lu,60
hagen.de,60
tango.lu,60
aosta.it,60
tochigi-tv.jp,60
amsbus.cz,60
creand.es,60
letnany-airport.cz,60
parkovanivbrne.cz,60
gr.jp,60
visithaarlemmermeer.nl,60
portauthority.hr,60
poh.cz,60
kranj.si,60
post.lu,60
zug.ch,60
elpako.lt,60
telecom.pt,60
millog.fi,60
nkom.no,60
stiftung-moritzburg.de,60
lecese.fr,60
meo.pt,60
tsu.ua,60
postnl.nl,60
magdeburgerdom.de,60
ca/rabble.ca,60
dfs.no,60
remscheid.de,60
mvr.bg,60
potsdam.de,60
likumi.lv,60
tiesas.lv,60
harzgerode.de,60
dihk.de,60
mb.ca,60
auvergnerhonealpes.fr,60
tilburg.nl,60
helvetia.es,60
ikiosek.cz,60
kalbe-milde.de,60
vantaa.fi,60
ettelbruck.lu,60
almere.nl,60
tstservis.cz,60
free.fr,60
vanad.cz,60
t-mobile.pl,59
bsbrodnica.pl,58
steinsel.lu,58
socialdemokraterna.se,58
noi.md,58
rubis.fr,58
hebu-shop.ch,57
adst.dk,57
lovdata.no,57
rechtspraak.nl,57
bccroma.it,57
jonathan.it,57
thedanishparliament.dk,57
cdcargo.cz,57
evr.ee,57
bkb.ch,57
pwt.ca,57
ose.gr,57
engie-homeservices.fr,56
norskpetroleum.no,56
riga.lv,56
geneve.ch,56
freezl.pl,56
gov.ee,56
nieuwsblad.be,56
forum-ekonomiczne.pl,56
verslosavaite.lt,56
saskatchewan.ca,56
csalb.ro,56
verbundlinie.at,56
bc.ca,56
coldiretti.it,56
zuglogin.ch,56
victoriabank.md,56
olomouc.eu,56
bancosantander.es,56
gyldendal.dk,56
diena.lt,56
rtbf.be,56
myprovence.fr,56
eq.fi,56
sst.cz,56
ballenstedt.de,56
bau.ua,56
nu.ca,56
cz/csirt.cz,56
naumburger-dom.de,56
spiebatignolles.fr,56
bundesheer.at,55
wiesbaden.de,55
com.tr,55
pfrtfi.pl,55
vbl.ch,55
foggia.it,55
sassari.it,55
bond.ua,55
planeetta.fi,55
eltrona.lu,55
puglia.it,55
dublinbus.ie,55
bde.se,55
bergischgladbach.de,55
airport.kr,55
bank.lv,55
zg.ch,55
baar.ch,55
zlinskykraj.cz,54
apeldoorn.nl,54
eso.lt,54
skane.se,54
lodz.pl,54
ac.uk,54
gov.bg,54
cedacri.it,54
limbach-oberfrohna.de,54
sfp.fi,54
stumbras.lt,54
eumostwanted.eu,54
energa-wytwarzanie.pl,54
regierung.li,54
ecublens.ch,54
labanquepostale.fr,54
premium-modellbau.de,54
satellic.be,54
jurmala.lv,54
presse-oebb.at,54
hamburg,54
feulen.lu,54
partnerstocznia.pl,54
elster.de,54
haarlem.nl,54
altibox.no,54
allsoft.ua,54
hamburg.de,53
cortedicassazione.it,53
no/ruter.no,52
tmr.sk,52
varese.it,52
pilet.ee,52
nordica.ee,52
thunderbay.ca,52
ttc.ca,52
orsted.dk,52
mojeid.cz,52
kovopb.cz,52
bg/dskbank.bg,52
oschadbank.ua,52
novomesto.si,52
idnes.cz,52
ollirehn2024.fi,52
erzgebirgskreis.de,52
polis.ua,52
nl.ca,52
bpost.be,52
foli.fi,52
constcourt.md,52
sv.no,52
citywindsor.ca,52
be.ch,52
jona.ch,52
peatus.ee,52
francetvpub.fr,52
naalakkersuisut.gl,52
dietikon.ch,52
sh.ch,52
nrc.nl,52
146.31,51
chamber.ca,51
flughafen-muenchen.de,51
dotintranetas.lt,51
jelgava.lv,51
identitaobcana.cz,51
eurochem.ee,51
orange.md,51
achemosgrupe.lt,51
gsis.gr,51
gravisnet.lv,50
datasafe.fi,50
alsace.eu,50
ani.lv,50
ua/tsn.ua,50
bverwg.de,50
hitfm.ua,50
ventspils.lv,50
asbe.lv,50
suitableshop.nl,50
bite.lv,50
tax-on-web.be,50
lidaris.lt,50
nordnet.se,50
proximus.lu,50
alltricks.pt,50
micb.md,50
keramika.lt,50
citapreviadnie.es,50
kristdemokraterna.se,50
generalbundesanwalt.de,50
parkimine.ee,50
mapy.cz,49
szn.cz,49
belspo.be,49
mitid.dk,49
italotreno.it,49
nauta.pl,49
namur.be,49
vivaqua.be,49
ingdirect.es,49
wsr-dg.be,48
boerse-frankfurt.de,48
nt.ca,48
am-switzerland.ch,48
sosnowiec.pl,48
skatteforvaltningen.dk,48
rvr.lv,48
ckt.lt,48
sierre.ch,48
garr.it,48
bw-bank.de,48
inpartiet.no,48
wpolityce.pl,48
aena-aeropuertos.es,48
nssm.no,48
inatsisartut.gl,48
uradfm.cz,48
polityka.pl,48
ditfurt.de,48
unsa-mobilite.fr,48
landkreis-wittenberg.de,48
telekom.si,48
rjc.nl,48
riksbank.se,48
pzlswidnik.pl,48
alfe.cz,48
tours.lv,48
politicheagricole.it,48
ctguyane.fr,48
dz-rs.si,48
viatoll.pl,48
digdir.no,48
axa.es,48
cn.ca,48
n,48
info-retraite.fr,48
gov.cy,48
sivilrett.no,48
voldgiftsinstituttet.dk,48
cadiz.es,48
creditmutuel.fr,48
blt.ch,48
saintjohn.ca,48
breda.nl,48
aigle.ch,48
calbe.de,48
kreis-slk.de,48
naumburg.de,48
nadsoft.co,48
nijmegen.nl,48
cologny.ch,48
cloudeng.it,48
paradores.es,48
tatra.cz,48
energy,48
swissquote.ch,48
bvb.ch,48
cugc.es,48
alita.lt,48
azp.si,48
wirtschaftsfoerderung-hannover.de,48
arbitrobancariofinanziario.it,48
druskininkai.lt,48
transaviabaltika.lt,47
terminal.lt,47
kelowna.ca,46
oxhamn.se,46
navantia.es,46
karlshamnshamn.se,46
konfederacja.pl,45
dtvp.de,45
vkg.ee,45
kn.lt,45
lansstyrelsen.se,45
tele2.lv,45
ignitisgrupe.lt,45
lndm.lt,45
bce.ca,45
swedbank.ee,45
diputaciondevalladolid.es,45
edislab.lt,45
niedersachsen.de,45
leverkusen.de,45
unsk.sk,45
ua/nv.ua,45
cnes.fr,45
cesewallonie.be,45
evergabe-online.de,45
noitel.it,45
eu/ewybory.eu,45
vto.lv,45
al/tirana.al,45
zkg.lv,45
onlinebus.cz,45
opera.lt,45
electronic-vignette.cz,45
dalsland.se,45
smeral.cz,44
sullissivik.gl,44
wittenberg.de,44
media,44
banie.pl,44
victoria.ca,44
allweb.be,44
ca/yukon.ca,44
envelo.pl,44
bondspot.pl,44
princeedwardisland.ca,44
isdefe.es,44
nkp.no,44
bcge.ch,44
na.it,44
montpellier3m.fr,44
maehdros.be,44
alpha.gr,44
posteitaliane.it,44
ca/cutaactu.ca,44
hrad.cz,44
koethen-anhalt.de,44
cesnet.cz,44
gnb.ca,44
correosprepago.es,44
mtu.de,44
flandersmake.be,44
port-of-nagoya.jp,44
ombudsmand.gl,44
gov.pt,44
energia.ee,43
zonhoven.be,43
portofhalifax.ca,42
riskcompliance.pl,42
deutschlandticket.de,42
circumetnea.it,42
energa-kogeneracja.pl,42
bio-invest.be,42
vejafgifter.dk,42
bikecity.nl,42
lemland.ax,42
kasastefczyka.pl,42
postaalpunt.be,42
businessinfo.cz,42
altice.pt,42
zek.ch,42
bradycanada.ca,42
smart-met.eu,42
bmv.de,42
delo.ua,42
hlidacstatu.cz,42
achema.lt,42
wprost.pl,42
en-marche.fr,42
faktakontroll.se,42
umbria.it,42
energaostroleka.pl,42
folksam.se,42
norge.no,42
fastweb.it,41
maps.lt,41
lt/lakd.lt,41
pst.lt,41
autopass.no,41
cv.ua,40
no/bpsnord.no,40
veneto.it,40
cvma.ca,40
kfir.no,40
hema.nl,40
sunclassairlines.dk,40
redarrow.ca,40
anhalt-bitterfeld.de,40
predsednica-slo.si,40
edmonton.ca,40
bfk.no,40
bierpartei.eu,40
ville-grenoble.fr,40
shpower.ch,40
cdu.de,40
wanzleben.de,40
windtregroup.it,40
lifecell.ua,40
yk.ca,40
eurolines.fr,40
resrobot.se,40
abc.es,40
lalegion.es,40
toulon.fr,40
thansen.dk,40
wienerzeitung.at,40
lazio.it,40
blekingetrafiken.se,40
dgtinfo.es,40
keltas.lt,40
upgraderc.be,40
vilniausenergija.lt,40
telia.dk,40
portthunderbay.ca,40
haavisto2024.fi,40
degtine.lt,40
eurobank.gr,40
novascotia.ca,40
insta.fi,40
liguria.it,40
ssc-ict.nl,40
sn.at,40
viarail.ca,40
parlament.al,40
saalekreis.de,40
diesdorf.de,40
pigu.lt,40
erna.no,40
grandest.fr,40
um.dk,40
chd.lu,40
trend.at,40
al/hekurudha.al,40
ppa.hr,40
it-ausschreibung.de,40
enna.it,40
polsatnews.pl,40
citadele.ee,40
liandersson.fi,40
bologna.it,40
manabite.lv,40
portunus.hr,40
dramosteatras.lt,39
eckero.ax,39
halle.de,39
haldensleben.de,39
skarbnytsia.ua,39
omv.ro,39
sd.se,39
dgt.es,39
lihk.li,39
iweps.be,39
pl/integritypartners.pl,39
marktkirche-halle.de,39
ri.se,39
clearenergy.ua,39
winnipeg.ca,39
yukon.ca,39
u-bahn-muenchen.de,39
scannet.dk,39
liefkenshoektunnel.be,38
fintraffic.fi,38
swissid.ch,38
aiac.ca,38
crinantonescu.ro,38
bonventure.de,38
mnt.ee,38
ayats.es,38
cfa-fca.ca,38
dlp-expert.pl,38
domstol.dk,38
stadtmuseumhalle.de,38
ksusv.cz,38
ksusk.cz,38
metropolitanadinapoli.it,38
hopaports.ca,38
northman.pl,38
nsm.no,37
pbz.hr,37
panasonic,37
trampadova.it,36
eas.ee,36
resursbank.se,36
tangerhuette.de,36
polizei-praevention.de,36
jemogfix.dk,36
publicprocurement.be,36
wisemove.ca,36
wanzleben-boerde.de,36
xyz,36
welkenraedt.be,36
bezrindas.lv,36
calgary.ca,36
lu/circl.lu,36
trzcinsko-zdroj.pl,36
orizon-navigation.ua,36
banumuscel.ro,36
banenor.no,36
stassfurt.de,36
czechtourism.cz,36
lkjl.de,36
gassco.eu,36
merseburger-dom.de,36
holding-graz.at,36
energieag.at,36
eem.se,36
banenorlogger.no,36
panevezysnow.lt,36
tvnet.lv,36
bcrlocuinte.ro,36
tsk-praha.cz,36
nitra.sk,36
eesti.ee,36
uio.no,36
tender24.de,36
just-eat.es,36
tangermuende.de,36
schoenebeck.de,36
intesasanpaolobank.al,36
wog.ua,36
cert.si,36
puncovniurad.cz,36
agenziabpb.it,36
mil.gr,36
gov.kr,36
airmoldova.md,36
bode-holtemme.de,36
ruma.es,36
yamanashi.jp,35
landkreis-zwickau.de,35
vg-arendsee-kalbe.de,35
dirhami.ee,35
fm/lviv.fm,35
bcc.es,35
faicisl.it,35
nauta-hull.pl,35
fes.de,35
ingbank.pl,35
kanteleenvoima.fi,35
netiaonline.pl,35
mssf.cz,35
boleslawiec.pl,35
alumbradopublicomurcia.es,35
bahnhof.se,34
mbank.cz,34
taxi40100.at,34
ipkobiznes.pl,34
visaginas.lt,34
banskabystrica.sk,34
naurok.ua,34
liepaja.lv,34
pescara.it,34
elron.ee,34
bratislavskykraj.sk,34
psk.sk,34
rusko.lt,34
belgianrail.be,33
vivi.lv,33
verona.it,33
caib.es,33
szczecin.eu,33
kosice.sk,33
ravintolabase.fi,33
kurzemesregions.lv,33
vilniausbaldai.lt,33
ukrposhta.ua,33
korea.kr,33
academy,33
avl.lu,33
oscherslebenbode.de,33
przelewice.pl,33
mysliborz.pl,33
dfo.no,33
jelgavasnovads.lv,33
gruene-plakette.de,32
partiet-for.no,32
avancis.de,32
myvoo.be,32
pl/evention.pl,32
nomeo.be,32
grinda.lt,32
zilina.sk,32
sb.lt,32
cfwb.be,32
alexstubb.fi,32
a-trust.at,32
mobilnipenezenka.cz,32
rtm.fr,32
porezna-uprava.hr,32
nancy.fr,32
evn.at,32
surf.nl,32
lcl.be,32
gov.hr,32
uskk.cz,32
ceneje.si,32
podkarpackie.eu,31
spd-lsa.de,31
maxbanka.eu,31
augsdaugavasnovads.lv,30
rsst.lv,30
milanbergamoairport.it,30
iledefrance-mobilites.fr,30
mauritius-elisabeth.de,30
mfa.bg,30
kozielice.pl,30
luxexpress.eu,30
thebanks.eu,30
helen.fi,30
ville-fribourg.ch,30
hauptbahnhof-wien.at,30
dipucuenca.es,30
nl/a-bike.nl,30
seznamzpravy.cz,30
a-sit.at,30
vansterpartiet.se,30
220.lv,30
ieee.es,30
starnet.lv,30
musee-orsay.fr,30
ua/24tv.ua,30
kaisiadorys.lt,30
sweg.de,30
papa-appa.ca,30
die-linke.de,30
mmaviation.pl,30
pro,30
csc.lv,30
grupocooperativocajamar.es,30
kris.ax,30
yanosik.pl,30
worten.es,30
usske.sk,30
vidzeme.lv,30
vialet.lv,30
dguadalajara.es,30
winterthur.ch,30
eu/dagma.eu,30
valg.no,30
conexus.lv,30
net.tw,30
anwb.nl,30
nzz.ch,30
lipiany.pl,30
bbs.ua,30
vgt.lv,30
koninklijkhuis.nl,30
zse.hr,30
favbet.ua,30
ca/globalnews.ca,30
bremerhaven.de,30
csoc.pl,30
fm/informator.fm,30
localnet.fi,30
septiles.ca,30
sadalestikls.lv,30
viennacitycard.at,30
senukai.lt,30
luxembourg.be,30
rop.lv,30
piraeusbank.gr,30
trencin.sk,30
sanaplus.ua,30
russian.fi,30
energy-cert.at,30
bilesuserviss.lv,30
lg.lv,30
althingi.is,29
com4.no,29
fhcp.ca,28
aero.cz,28
hr/portauthority-sibenik.hr,28
nordstjernan.se,28
atviraklaipeda.lt,28
evofenedex.nl,28
tpilet.ee,28
asa.be,28
gemeinde-hoppegarten.de,28
wp.pl,28
no/avinor.no,28
uddevalla-hamn.se,28
lt/elpako.lt,28
aaltola2024.fi,28
confagricoltura.it,28
afd.de,28
richard-andersson.fi,28
progresivne.sk,28
epay.bg,28
dstny.be,28
ooe-landtag.at,28
onedrone.si,28
transfert-ratp.fr,28
silviupredoiu.ro,28
sakig.pl,28
mpo.cz,28
creandonlinebanking.es,28
akerarctic.fi,28
kvarkenports.se,28
kotadef.sk,28
tmleuven.be,27
silvan.dk,27
website,27
druskininkusavivaldybe.lt,27
dstny.dk,27
sj.no,27
nrb.cz,27
palma.es,27
butgenbach.be,27
regiojet.cz,27
cna.md,27
ndg.lt,27
hamina.fi,27
maximagrupe.eu,27
aschersleben.de,27
vanerhamn.se,27
regeringen.ax,27
cert.cz,27
feministinenpuolue.fi,26
komunalka.ua,26
lez-belgium.be,26
osterburg.de,26
stat.si,26
portquebec.ca,26
nku.cz,26
gemeinde-daehre.de,26
pl/atende.pl,26
stadt-bismark.de,26
steuern-nw.ch,26
bureauft.nl,26
dessau-rosslau.de,26
ynanp.gr,26
mindigital.gr,26
kelprojektas.lt,26
nkcr.cz,26
siuntosautobusais.lt,26
bolsasymercados.es,26
in.gr,26
padova.it,26
tovima.gr,26
sionaeroport.ch,26
ontarioparks.ca,25
salva.ee,25
fukushima.jp,25
nho.no,25
bcparks.ca,25
pho.pl,25
jtbank.cz,25
balticom.lv,25
lordnelsonhotel.ca,25
kalmarlanstrafik.se,25
vkm.no,24
alv-cr.cz,24
ds-rs.si,24
kanagawa.jp,24
bigbank.ee,24
sbvg.ch,24
communitech.ca,24
globalconnect.se,24
oskarshamn.se,24
finma.ch,24
mouvementdemocrate.fr,24
tartu.ee,24
digital,24
quirinale.it,24
iport.ua,24
tisseo.fr,24
minagric.gr,24
axxes.fr,24
egap.cz,24
mini-cab.ch,24
ngu.no,24
susvs.cz,24
kbp.cz,24
brittanyferries.io,24
okayama.jp,24
liikluskorraldus.ee,24
cdp.it,24
pl/radiokierowcow.pl,24
mosr.sk,24
piacenza.it,24
taxi-zentrale.ch,24
reale.es,24
louvre.fr,24
alberta.ca,24
sverigesradio.se,24
standaard.be,24
yamagata.jp,24
33ertaxi.ch,24
essens.no,24
fdiroma.it,24
commissariatodips.it,24
banky.cz,24
hautespyrenees.fr,24
kreditogarantas.lt,24
hbvl.be,24
bg/e-postbank.bg,24
raadvst-consetat.be,24
a1.si,23
ukrainianinpoland.pl,23
plk.pl,23
nask.pl,23
europeanspallationsource.se,22
air-caledonie.nc,22
rezeknesnovads.lv,22
gobcan.es,22
serv.si,22
stjohns.ca,22
afdfraktion-lsa.de,22
genobamuc.de,22
maggioli.it,22
veoauto.ee,22
enaire.es,22
villetavio.fi,22
finanzgruppe.de,22
wyborcza.pl,22
nationalcyberleague.es,22
telsiai.lt,22
odessa.tv,22
asstra.lt,21
flyingmachines.de,21
verbio.de,21
chiba.jp,21
curanet.dk,21
railanddrive.at,21
etalon.ua,21
netkablet.dk,21
bnpparibas.pl,21
rtc.lv,21
com.cy,21
gigantti.fi,21
cityway.fr,21
icu,21
zac-niedersachsen.de,21
divisioneconsumer.it,21
cssz.cz,21
norinnovainvest.no,21
maib.md,20
fi/tyomarkkinatori.fi,20
gent,20
eu/luxexpress.eu,20
portofventspils.lv,20
sepi.es,20
cata.ca,20
sumatoni.be,20
webservice.be,20
novara.it,20
rizospastis.gr,20
vbsh.ch,20
ro/gov.ro,20
prato.it,20
smsjizdenka.cz,20
oresundstag.se,20
electrouno.es,20
ilmailusaa.fi,20
chisinau.md,20
beetzendorf-diesdorf.de,20
tanea.gr,20
halifax.ca,20
223,20
gruene-fraktion-sachsen-anhalt.de,20
bcwallonie.be,20
euro.lt,20
nicusordan.ro,20
landkreis-stendal.de,20
ua/tyzhden.ua,20
portofthunderbay.ca,20
pcc-cert.pl,20
zlin.eu,20
ee/parkit.ee,20
io/autopay.io,20
bmedonline.es,20
tec.be,20
gr/stasy.gr,20
skanetrafiken.se,20
avk.ua,20
sellapersonalcredit.it,20
dynacon.pl,20
gov.sk,20
translink.ca,20
tirola.lt,20
flecken-apenburg-winterfeld.de,20
com.mt,20
mt/attorneygeneral.mt,20
dnb.nl,20
protothema.gr,20
durresport.al,20
ro/dnsc.ro,20
kuldigasnovads.lv,20
haestirettur.is,19
pienozvaigzdes.lt,19
cargo.lt,19
silnicelk.cz,19
new-chitose-airport.jp,19
finansinspektionen.se,19
creditas.cz,19
tme.eu,19
ssb.no,19
coig.pl,19
birzai.lt,19
nokta.md,19
fjordinvest.no,18
e-legitimation.se,18
thetyee.ca,18
plunge.lt,18
ourcommons.ca,18
cba.ca,18
mtlgroup.lt,18
nobshop.pl,18
connessioneinfibra.it,18
modele24.pl,18
ksus.cz,18
blrt.ee,18
sbb.ch,18
chebanca.it,18
pl/polskieradio24.pl,18
lotniskowarszawa-radom.pl,18
cartrans.lt,18
avias.ua,18
stadt-kloetze.de,18
telemach.si,18
recambiosrobot.es,18
nausicaa.fr,18
kiischpelt.lu,18
metro-rennes-metropole.fr,18
governo.it,18
gbqofs.io,18
ntcitalia.it,18
geneveid.ch,18
kettner.de,18
destinationgotland.se,18
yousee.dk,18
susuk.cz,18
fdp-fraktion-lsa.de,18
csj.md,18
teed.ee,18
cnp.be,16
europark.fi,16
czub.cz,16
susuh.cz,16
e-postbank.bg,16
eduid.ch,16
vilniausapsvietimas.lt,16
mga.de,16
no/banenorlogger.no,16
gubernija.lt,16
centern.ax,16
aeroport.fr,16
l-bank.de,16
hr/portsplit.hr,16
flygbra.se,16
elsene.be,16
lt/raskevicius.lt,16
inges.ee,16
stt.fi,16
mesto-most.cz,16
konkurransetilsynet.no,16
gr/ministryofjustice.gr,16
ch/govcert.ch,16
quarteera.de,15
bankinvest.dk,15
blue,15
toshiba,15
ldm.lt,15
cloud.dk,15
siseministeerium.ee,15
nova.is,15
marketaadamova.cz,15
urm.lt,15
parl.ca,15
seznam.cz,15
ssok.cz,15
postfinance.ch,15
angersloiremetropole.fr,15
fmi.ca,15
e-st.lv,15
dmpsystem.pl,15
vodafone.is,15
lakelucerne.ch,14
vct.lt,14
up-study.ua,14
chambres-hotes.fr,14
rcmaniak.pl,14
pl/cybermadeinpoland.pl,14
flai.it,14
cdm24.pl,14
ypes.gr,14
lidl.be,14
yellowknife.ca,14
baltic-shipping.lt,14
reseau-tao.fr,14
bstok.pl,14
mediamarkt.es,14
no/ferde.no,14
tiendade.es,14
mfa.gr,14
blankenburg.de,13
mpsv.cz,13
varuh-rs.si,13
bodetal.de,13
soud.cz,13
suskm.cz,13
dorsten.de,13
enid.no,12
avgi.gr,12
kig.pl,12
gemeindehuy.de,12
dpp-reditelstvi.cz,12
macbike.nl,12
surao.cz,12
us-rs.si,12
stendal.de,12
primeminister.gr,12
mp.se,12
intsok.no,12
kaitseliit.ee,12
dr.dk,12
bialystok.pl,12
gda.pl,12
bussijaam.ee,12
mattilsynet.no,12
centrum24.pl,12
excaliburarmy.cz,12
autodoc.es,12
webster-studio.pl,12
handelsbanken.dk,12
veepee.es,12
travelandjoydmc.fr,12
nancy-tourisme.fr,12
dc-akku.de,12
minv.sk,12
postnord.dk,12
brreg.no,11
politia.md,11
bondelaget.no,11
schloss-wernigerode.de,11
norad.no,11
nl/bikecity.nl,11
suspk.cz,11
wernigerode.de,11
suspk.eu,11
dielinke-fraktion-lsa.de,11
havelberg.de,11
conseil-superieur-magistrature.fr,11
hub.hr,11
noen.at,10
moderaterna.se,10
datalogistics.lt,10
larochette.lu,10
unian.ua,10
besthotels.es,10
mpkv.cz,10
naftemporiki.gr,10
defenceandsecurity.ca,10
mpkladno.cz,10
collectivitedemartinique.mq,10
ing.nl,10
mil.lv,10
edgeautonomy.io,10
dpkv.cz,10
karlovyvary.cz,10
durs.si,10
mint.ca,10
bg/nra.bg,10
mt/parlament.mt,10
neos.eu,10
bg/bulbankonline.bg,10
fmv.se,10
transgarant.lt,10
osterwieck.de,10
247.37,10
ecaa.ee,10
autopuksiir.ee,10
teplice.cz,10
karvina.cz,10
mpzlin.cz,10
jihlava.cz,10
cz/vop.cz,10
bg/customs.bg,10
kathimerini.gr,10
goproperty.ee,10
mestokladno.cz,10
ktnvp.at,10
mt/tvmnews.mt,10
tt.se,10
isavia.is,10
forex.fi,10
mon.bg,10
dpmost.cz,10
dn.ua,9
cbr.nl,9
drillwell.no,9
laurentianbank.ca,9
cipf.ca,9
verwaltungsportal.de,9
sodra.lt,9
multitransas.lt,9
cdufraktion.de,9
internetwache-polizei-berlin.de,9
madeinvilnius.lt,9
ignitisgamyba.lt,9
oranta.ua,9
quedlinburg.de,9
nagoya-info.jp,9
site,8
kvk.nl,8
sp.se,8
tuuleliinid.ee,8
kongehuset.dk,8
ee/baltijaam.ee,8
pl/zbp.pl,8
lkf.ee,8
pl/infoforum.pl,8
pl/golebiewski.pl,8
creditocooperativo.it,8
fi/um.fi,8
karbox.cz,8
balt-cargo.lt,8
al-bank.dk,8
eu/podkarpackie.eu,8
bosbank24.pl,8
polregio.pl,8
kypro.ca,8
signalcert.pl,7
tele2.ee,7
bg/ced.bg,7
crelan.be,7
hinweisportal.de,7
transparentedge.eu,6
wormeldange.lu,6
fi/karelialines.fi,6
bpa.lt,6
internet.is,6
it/anasf.it,6
liberalerna.se,6
munich-airport.de,6
tarupo.jp,6
iqs-cert.pl,6
sba.lt,6
cpr.ca,6
wagnercentr.ru,6
gremimedia.pl,6
vsz.ch,6
parisconnection.fr,6
obligacjeskarbowe.pl,6
rumelange.lu,6
destination-provence.fr,6
makthes.gr,6
sace.it,5
europabank.be,5
commerzbank.cz,5
mesit.cz,4
petange.lu,4
voo.be,4
eurotoll.eu,4
smarthost.pl,4
zentralbahn.ch,4
nl/eherkenning.nl,4
echternach.lu,4
aurida-logistics.eu,4
transpordiamet.ee,4
xn--kyiai-wdb.lt,4
pkosupermakler.pl,4
grevenmacher.lu,4
sas.no,4
retia.eu,4
spks.dk,3
ge/oishi.ge,3
riigikontroll.ee,3
wagner2022.ru,3
jtbank.eu,3
zetorengineering.cz,2
fin.ee,2
ts.ee,2
kscforum.pl,2
tartuhly.ee,1
infoforum.pl,1
link,1
dk/tv2.dk,1
